datum,indulas,erkezes,menetido,hajo_neve,indulo_kikoto,cel_kikoto,tipus,tipus_nyers,fordaid,reszlet_url
2026-05-03,12:00,12:30,30 perc,Füred ms,Badacsony 30 perc,Fonyód,menetrendi,Menetrendi,413728,https://jegy.bahart.hu/Shop/CruiseDetails?fordaid=413728
2026-05-03,13:00,13:30,30 perc,Badacsony ms,Badacsony 30 perc,Fonyód,menetrendi,Menetrendi,413729,https://jegy.bahart.hu/Shop/CruiseDetails?fordaid=413729
2026-05-03,14:00,14:30,30 perc,Füred ms,Badacsony 30 perc,Fonyód,menetrendi,Menetrendi,413730,https://jegy.bahart.hu/Shop/CruiseDetails?fordaid=413730
2026-05-03,15:00,15:30,30 perc,Badacsony ms,Badacsony 30 perc,Fonyód,menetrendi,Menetrendi,413731,https://jegy.bahart.hu/Shop/CruiseDetails?fordaid=413731
2026-05-03,15:50,16:20,30 perc,Keszthely ms,Badacsony 30 perc,Szigliget,menetrendi,Menetrendi,414261,https://jegy.bahart.hu/Shop/CruiseDetails?fordaid=414261
2026-05-03,16:00,16:30,30 perc,Füred ms,Badacsony 30 perc,Fonyód,menetrendi,Menetrendi,413732,https://jegy.bahart.hu/Shop/CruiseDetails?fordaid=413732
2026-05-03,15:50,17:05,1 óra 15 perc,Keszthely ms,Badacsony 1 óra 15 perc,Balatongyörök,menetrendi,Menetrendi,414249,https://jegy.bahart.hu/Shop/CruiseDetails?fordaid=414249
2026-05-03,17:00,17:30,30 perc,Badacsony ms,Badacsony 30 perc,Fonyód,menetrendi,Menetrendi,413733,https://jegy.bahart.hu/Shop/CruiseDetails?fordaid=413733
2026-05-03,15:50,17:40,1 óra 50 perc,Keszthely ms,Badacsony 1 óra 50 perc,Balatonmáriafürdő,menetrendi,Menetrendi,414237,https://jegy.bahart.hu/Shop/CruiseDetails?fordaid=414237
2026-05-03,18:00,18:30,30 perc,Füred ms,Badacsony 30 perc,Fonyód,menetrendi,Menetrendi,413734,https://jegy.bahart.hu/Shop/CruiseDetails?fordaid=413734
2026-05-03,19:00,19:30,30 perc,Badacsony ms,Badacsony 30 perc,Fonyód,menetrendi,Menetrendi,413735,https://jegy.bahart.hu/Shop/CruiseDetails?fordaid=413735
2026-05-03,20:00,20:30,30 perc,Füred ms,Badacsony 30 perc,Fonyód,menetrendi,Menetrendi,413736,https://jegy.bahart.hu/Shop/CruiseDetails?fordaid=413736
2026-05-04,10:15,10:45,30 perc,Tomaj ms,Badacsony 30 perc,Fonyód,menetrendi,Menetrendi,413737,https://jegy.bahart.hu/Shop/CruiseDetails?fordaid=413737
2026-05-04,11:45,12:15,30 perc,Tomaj ms,Badacsony 30 perc,Fonyód,menetrendi,Menetrendi,413738,https://jegy.bahart.hu/Shop/CruiseDetails?fordaid=413738
2026-05-04,16:15,16:45,30 perc,Tomaj ms,Badacsony 30 perc,Fonyód,menetrendi,Menetrendi,413739,https://jegy.bahart.hu/Shop/CruiseDetails?fordaid=413739
2026-05-04,17:45,18:15,30 perc,Tomaj ms,Badacsony 30 perc,Fonyód,menetrendi,Menetrendi,413740,https://jegy.bahart.hu/Shop/CruiseDetails?fordaid=413740
2026-05-05,10:15,10:45,30 perc,Tomaj ms,Badacsony 30 perc,Fonyód,menetrendi,Menetrendi,413741,https://jegy.bahart.hu/Shop/CruiseDetails?fordaid=413741
2026-05-05,11:45,12:15,30 perc,Tomaj ms,Badacsony 30 perc,Fonyód,menetrendi,Menetrendi,413742,https://jegy.bahart.hu/Shop/CruiseDetails?fordaid=413742
2026-05-05,16:15,16:45,30 perc,Tomaj ms,Badacsony 30 perc,Fonyód,menetrendi,Menetrendi,413743,https://jegy.bahart.hu/Shop/CruiseDetails?fordaid=413743
2026-05-05,17:45,18:15,30 perc,Tomaj ms,Badacsony 30 perc,Fonyód,menetrendi,Menetrendi,413744,https://jegy.bahart.hu/Shop/CruiseDetails?fordaid=413744
2026-05-06,10:15,10:45,30 perc,Tomaj ms,Badacsony 30 perc,Fonyód,menetrendi,Menetrendi,413745,https://jegy.bahart.hu/Shop/CruiseDetails?fordaid=413745
2026-05-06,11:45,12:15,30 perc,Tomaj ms,Badacsony 30 perc,Fonyód,menetrendi,Menetrendi,413746,https://jegy.bahart.hu/Shop/CruiseDetails?fordaid=413746
2026-05-06,16:15,16:45,30 perc,Tomaj ms,Badacsony 30 perc,Fonyód,menetrendi,Menetrendi,413747,https://jegy.bahart.hu/Shop/CruiseDetails?fordaid=413747
2026-05-06,17:45,18:15,30 perc,Tomaj ms,Badacsony 30 perc,Fonyód,menetrendi,Menetrendi,413748,https://jegy.bahart.hu/Shop/CruiseDetails?fordaid=413748
2026-05-07,10:15,10:45,30 perc,Tomaj ms,Badacsony 30 perc,Fonyód,menetrendi,Menetrendi,413749,https://jegy.bahart.hu/Shop/CruiseDetails?fordaid=413749
2026-05-07,11:45,12:15,30 perc,Tomaj ms,Badacsony 30 perc,Fonyód,menetrendi,Menetrendi,413750,https://jegy.bahart.hu/Shop/CruiseDetails?fordaid=413750
2026-05-07,16:15,16:45,30 perc,Tomaj ms,Badacsony 30 perc,Fonyód,menetrendi,Menetrendi,413751,https://jegy.bahart.hu/Shop/CruiseDetails?fordaid=413751
2026-05-07,17:45,18:15,30 perc,Tomaj ms,Badacsony 30 perc,Fonyód,menetrendi,Menetrendi,413752,https://jegy.bahart.hu/Shop/CruiseDetails?fordaid=413752
2026-05-08,10:15,10:45,30 perc,Tomaj ms,Badacsony 30 perc,Fonyód,menetrendi,Menetrendi,413753,https://jegy.bahart.hu/Shop/CruiseDetails?fordaid=413753
2026-05-08,11:45,12:15,30 perc,Tomaj ms,Badacsony 30 perc,Fonyód,menetrendi,Menetrendi,413754,https://jegy.bahart.hu/Shop/CruiseDetails?fordaid=413754
2026-05-08,16:15,16:45,30 perc,Tomaj ms,Badacsony 30 perc,Fonyód,menetrendi,Menetrendi,413755,https://jegy.bahart.hu/Shop/CruiseDetails?fordaid=413755
2026-05-08,17:45,18:15,30 perc,Tomaj ms,Badacsony 30 perc,Fonyód,menetrendi,Menetrendi,413756,https://jegy.bahart.hu/Shop/CruiseDetails?fordaid=413756
2026-05-09,10:15,10:45,30 perc,Füred ms,Badacsony 30 perc,Fonyód,menetrendi,Menetrendi,413757,https://jegy.bahart.hu/Shop/CruiseDetails?fordaid=413757
2026-05-09,11:45,12:15,30 perc,Füred ms,Badacsony 30 perc,Fonyód,menetrendi,Menetrendi,413758,https://jegy.bahart.hu/Shop/CruiseDetails?fordaid=413758
2026-05-09,13:15,13:45,30 perc,Füred ms,Badacsony 30 perc,Fonyód,menetrendi,Menetrendi,413759,https://jegy.bahart.hu/Shop/CruiseDetails?fordaid=413759
2026-05-09,15:50,16:20,30 perc,Keszthely ms,Badacsony 30 perc,Szigliget,menetrendi,Menetrendi,414262,https://jegy.bahart.hu/Shop/CruiseDetails?fordaid=414262
2026-05-09,16:15,16:45,30 perc,Füred ms,Badacsony 30 perc,Fonyód,menetrendi,Menetrendi,413760,https://jegy.bahart.hu/Shop/CruiseDetails?fordaid=413760
2026-05-09,15:50,17:05,1 óra 15 perc,Keszthely ms,Badacsony 1 óra 15 perc,Balatongyörök,menetrendi,Menetrendi,414250,https://jegy.bahart.hu/Shop/CruiseDetails?fordaid=414250
2026-05-09,15:50,17:40,1 óra 50 perc,Keszthely ms,Badacsony 1 óra 50 perc,Balatonmáriafürdő,menetrendi,Menetrendi,414238,https://jegy.bahart.hu/Shop/CruiseDetails?fordaid=414238
2026-05-09,17:45,18:15,30 perc,Füred ms,Badacsony 30 perc,Fonyód,menetrendi,Menetrendi,413761,https://jegy.bahart.hu/Shop/CruiseDetails?fordaid=413761
2026-05-10,10:15,10:45,30 perc,Füred ms,Badacsony 30 perc,Fonyód,menetrendi,Menetrendi,413762,https://jegy.bahart.hu/Shop/CruiseDetails?fordaid=413762
2026-05-10,11:45,12:15,30 perc,Füred ms,Badacsony 30 perc,Fonyód,menetrendi,Menetrendi,413763,https://jegy.bahart.hu/Shop/CruiseDetails?fordaid=413763
2026-05-10,13:15,13:45,30 perc,Füred ms,Badacsony 30 perc,Fonyód,menetrendi,Menetrendi,413764,https://jegy.bahart.hu/Shop/CruiseDetails?fordaid=413764
2026-05-10,15:50,16:20,30 perc,Keszthely ms,Badacsony 30 perc,Szigliget,menetrendi,Menetrendi,414263,https://jegy.bahart.hu/Shop/CruiseDetails?fordaid=414263
2026-05-10,16:15,16:45,30 perc,Füred ms,Badacsony 30 perc,Fonyód,menetrendi,Menetrendi,413765,https://jegy.bahart.hu/Shop/CruiseDetails?fordaid=413765
2026-05-10,15:50,17:05,1 óra 15 perc,Keszthely ms,Badacsony 1 óra 15 perc,Balatongyörök,menetrendi,Menetrendi,414251,https://jegy.bahart.hu/Shop/CruiseDetails?fordaid=414251
2026-05-10,15:50,17:40,1 óra 50 perc,Keszthely ms,Badacsony 1 óra 50 perc,Balatonmáriafürdő,menetrendi,Menetrendi,414239,https://jegy.bahart.hu/Shop/CruiseDetails?fordaid=414239
2026-05-10,17:45,18:15,30 perc,Füred ms,Badacsony 30 perc,Fonyód,menetrendi,Menetrendi,413766,https://jegy.bahart.hu/Shop/CruiseDetails?fordaid=413766
2026-05-11,10:15,10:45,30 perc,Tomaj ms,Badacsony 30 perc,Fonyód,menetrendi,Menetrendi,413767,https://jegy.bahart.hu/Shop/CruiseDetails?fordaid=413767
2026-05-11,11:45,12:15,30 perc,Tomaj ms,Badacsony 30 perc,Fonyód,menetrendi,Menetrendi,413768,https://jegy.bahart.hu/Shop/CruiseDetails?fordaid=413768
2026-05-11,16:15,16:45,30 perc,Tomaj ms,Badacsony 30 perc,Fonyód,menetrendi,Menetrendi,413769,https://jegy.bahart.hu/Shop/CruiseDetails?fordaid=413769
2026-05-11,17:45,18:15,30 perc,Tomaj ms,Badacsony 30 perc,Fonyód,menetrendi,Menetrendi,413770,https://jegy.bahart.hu/Shop/CruiseDetails?fordaid=413770
2026-05-12,10:15,10:45,30 perc,Tomaj ms,Badacsony 30 perc,Fonyód,menetrendi,Menetrendi,413771,https://jegy.bahart.hu/Shop/CruiseDetails?fordaid=413771
2026-05-12,11:45,12:15,30 perc,Tomaj ms,Badacsony 30 perc,Fonyód,menetrendi,Menetrendi,413772,https://jegy.bahart.hu/Shop/CruiseDetails?fordaid=413772
2026-05-12,16:15,16:45,30 perc,Tomaj ms,Badacsony 30 perc,Fonyód,menetrendi,Menetrendi,413773,https://jegy.bahart.hu/Shop/CruiseDetails?fordaid=413773
2026-05-12,17:45,18:15,30 perc,Tomaj ms,Badacsony 30 perc,Fonyód,menetrendi,Menetrendi,413774,https://jegy.bahart.hu/Shop/CruiseDetails?fordaid=413774
2026-05-13,10:15,10:45,30 perc,Tomaj ms,Badacsony 30 perc,Fonyód,menetrendi,Menetrendi,413775,https://jegy.bahart.hu/Shop/CruiseDetails?fordaid=413775
2026-05-13,11:45,12:15,30 perc,Tomaj ms,Badacsony 30 perc,Fonyód,menetrendi,Menetrendi,413776,https://jegy.bahart.hu/Shop/CruiseDetails?fordaid=413776
2026-05-13,16:15,16:45,30 perc,Tomaj ms,Badacsony 30 perc,Fonyód,menetrendi,Menetrendi,413777,https://jegy.bahart.hu/Shop/CruiseDetails?fordaid=413777
2026-05-13,17:45,18:15,30 perc,Tomaj ms,Badacsony 30 perc,Fonyód,menetrendi,Menetrendi,413778,https://jegy.bahart.hu/Shop/CruiseDetails?fordaid=413778
2026-05-14,10:15,10:45,30 perc,Tomaj ms,Badacsony 30 perc,Fonyód,menetrendi,Menetrendi,413779,https://jegy.bahart.hu/Shop/CruiseDetails?fordaid=413779
2026-05-14,11:45,12:15,30 perc,Tomaj ms,Badacsony 30 perc,Fonyód,menetrendi,Menetrendi,413780,https://jegy.bahart.hu/Shop/CruiseDetails?fordaid=413780
2026-05-14,16:15,16:45,30 perc,Tomaj ms,Badacsony 30 perc,Fonyód,menetrendi,Menetrendi,413781,https://jegy.bahart.hu/Shop/CruiseDetails?fordaid=413781
2026-05-14,17:45,18:15,30 perc,Tomaj ms,Badacsony 30 perc,Fonyód,menetrendi,Menetrendi,413782,https://jegy.bahart.hu/Shop/CruiseDetails?fordaid=413782
2026-05-03,12:15,13:15,1 óra,Keszthely ms,Badacsony 1 óra,Badacsony,séta,Séta,416963,https://jegy.bahart.hu/Shop/CruiseDetails?fordaid=416963
2026-05-03,13:30,14:30,1 óra,Keszthely ms,Badacsony 1 óra,Badacsony,séta,Séta,416964,https://jegy.bahart.hu/Shop/CruiseDetails?fordaid=416964
2026-05-03,14:45,15:45,1 óra,Keszthely ms,Badacsony 1 óra,Badacsony,séta,Séta,416965,https://jegy.bahart.hu/Shop/CruiseDetails?fordaid=416965
2026-05-04,11:00,12:00,1 óra,Helka ms,Keszthely 1 óra,Keszthely,séta,Séta,416784,https://jegy.bahart.hu/Shop/CruiseDetails?fordaid=416784
2026-05-05,11:00,12:00,1 óra,Helka ms,Keszthely 1 óra,Keszthely,séta,Séta,416788,https://jegy.bahart.hu/Shop/CruiseDetails?fordaid=416788
2026-05-06,11:00,12:00,1 óra,Helka ms,Keszthely 1 óra,Keszthely,séta,Séta,416792,https://jegy.bahart.hu/Shop/CruiseDetails?fordaid=416792
2026-05-09,15:00,16:00,1 óra,Füred ms,Badacsony 1 óra,Badacsony,séta,Séta,416966,https://jegy.bahart.hu/Shop/CruiseDetails?fordaid=416966
2026-05-10,15:00,16:00,1 óra,Füred ms,Badacsony 1 óra,Badacsony,séta,Séta,416967,https://jegy.bahart.hu/Shop/CruiseDetails?fordaid=416967
2026-05-07,11:00,12:00,1 óra,Helka ms,Keszthely 1 óra,Keszthely,séta,Séta,416796,https://jegy.bahart.hu/Shop/CruiseDetails?fordaid=416796
2026-05-08,11:00,12:00,1 óra,Helka ms,Keszthely 1 óra,Keszthely,séta,Séta,416800,https://jegy.bahart.hu/Shop/CruiseDetails?fordaid=416800
2026-05-11,11:00,12:00,1 óra,Helka ms,Keszthely 1 óra,Keszthely,séta,Séta,416812,https://jegy.bahart.hu/Shop/CruiseDetails?fordaid=416812
2026-05-12,11:00,12:00,1 óra,Helka ms,Keszthely 1 óra,Keszthely,séta,Séta,416816,https://jegy.bahart.hu/Shop/CruiseDetails?fordaid=416816
2026-05-16,15:00,16:00,1 óra,Füred ms,Badacsony 1 óra,Badacsony,séta,Séta,416968,https://jegy.bahart.hu/Shop/CruiseDetails?fordaid=416968
2026-05-13,11:00,12:00,1 óra,Helka ms,Keszthely 1 óra,Keszthely,séta,Séta,416820,https://jegy.bahart.hu/Shop/CruiseDetails?fordaid=416820
2026-05-17,15:00,16:00,1 óra,Füred ms,Badacsony 1 óra,Badacsony,séta,Séta,416969,https://jegy.bahart.hu/Shop/CruiseDetails?fordaid=416969
2026-05-14,11:00,12:00,1 óra,Helka ms,Keszthely 1 óra,Keszthely,séta,Séta,416824,https://jegy.bahart.hu/Shop/CruiseDetails?fordaid=416824
2026-05-03,11:15,11:23,8 perc,Kompok,Tihanyrév 8 perc,Szántódrév,komp,Komp,399590,https://jegy.bahart.hu/Shop/CruiseDetails?fordaid=399590
2026-05-04,07:15,07:23,8 perc,Kompok,Tihanyrév 8 perc,Szántódrév,komp,Komp,399632,https://jegy.bahart.hu/Shop/CruiseDetails?fordaid=399632
2026-05-05,07:15,07:23,8 perc,Kompok,Tihanyrév 8 perc,Szántódrév,komp,Komp,399690,https://jegy.bahart.hu/Shop/CruiseDetails?fordaid=399690
2026-05-06,07:15,07:23,8 perc,Kompok,Tihanyrév 8 perc,Szántódrév,komp,Komp,399748,https://jegy.bahart.hu/Shop/CruiseDetails?fordaid=399748
2026-05-07,07:15,07:23,8 perc,Kompok,Tihanyrév 8 perc,Szántódrév,komp,Komp,399806,https://jegy.bahart.hu/Shop/CruiseDetails?fordaid=399806
2026-05-08,07:15,07:23,8 perc,Kompok,Tihanyrév 8 perc,Szántódrév,komp,Komp,399864,https://jegy.bahart.hu/Shop/CruiseDetails?fordaid=399864
2026-05-09,07:15,07:23,8 perc,Kompok,Tihanyrév 8 perc,Szántódrév,komp,Komp,399922,https://jegy.bahart.hu/Shop/CruiseDetails?fordaid=399922
2026-05-10,07:15,07:23,8 perc,Kompok,Tihanyrév 8 perc,Szántódrév,komp,Komp,399980,https://jegy.bahart.hu/Shop/CruiseDetails?fordaid=399980
2026-05-11,07:15,07:23,8 perc,Kompok,Tihanyrév 8 perc,Szántódrév,komp,Komp,400038,https://jegy.bahart.hu/Shop/CruiseDetails?fordaid=400038
2026-05-12,07:15,07:23,8 perc,Kompok,Tihanyrév 8 perc,Szántódrév,komp,Komp,400096,https://jegy.bahart.hu/Shop/CruiseDetails?fordaid=400096
2026-05-13,07:15,07:23,8 perc,Kompok,Tihanyrév 8 perc,Szántódrév,komp,Komp,400154,https://jegy.bahart.hu/Shop/CruiseDetails?fordaid=400154
2026-05-14,07:15,07:23,8 perc,Kompok,Tihanyrév 8 perc,Szántódrév,komp,Komp,400212,https://jegy.bahart.hu/Shop/CruiseDetails?fordaid=400212
